REDE;TIPO_CHAVE;CHAVE_LIDA;CNPJ_OFICIAL;MATRICULA;NOME_LOJA;STATUS;OBSERVACAO;FONTE;DATA_ATUALIZACAO
;CNPJ;77984201000367;77984201000367;7120028397;;ATIVO;"Importado do histórico de conversas: par matrícula -> CNPJ informado pelo usuário em 2026-05-14. Rede não identificada no histórico; cadastro global por CNPJ.";Historico_ChatGPT_2026-05-14;2026-05-16
;CNPJ;77984201000448;77984201000448;7120419650;;ATIVO;"Importado do histórico de conversas: par matrícula -> CNPJ informado pelo usuário em 2026-05-14. Rede não identificada no histórico; cadastro global por CNPJ.";Historico_ChatGPT_2026-05-14;2026-05-16
;CNPJ;77984201000529;77984201000529;7120549202;;ATIVO;"Importado do histórico de conversas: par matrícula -> CNPJ informado pelo usuário em 2026-05-14. Rede não identificada no histórico; cadastro global por CNPJ.";Historico_ChatGPT_2026-05-14;2026-05-16
ALABARCE;CNPJ;00203057000198;00203057000198;700114177;LJ01 - CENTRO;ATIVO;"De/para manual Alabarce validado com layout Bluesoft multi-lojas; usado para matrícula por CNPJ da loja.";Usuario_ChatGPT_2026-05-21_Alabarce;2026-05-21
ALABARCE;CNPJ;00203057000430;00203057000430;700207032;LJ02 - SOCORRO;ATIVO;"De/para manual Alabarce validado com layout Bluesoft multi-lojas; usado para matrícula por CNPJ da loja.";Usuario_ChatGPT_2026-05-21_Alabarce;2026-05-21
ALABARCE;CNPJ;00203057000511;00203057000511;7110079716;LJ04 - NOVA MOGILAR;ATIVO;"De/para manual Alabarce validado com layout Bluesoft multi-lojas; usado para matrícula por CNPJ da loja.";Usuario_ChatGPT_2026-05-21_Alabarce;2026-05-21
ALABARCE;CNPJ;00203057000600;00203057000600;7110073125;LJ03 - HENRIQUE PERES;ATIVO;"De/para manual Alabarce validado com layout Bluesoft multi-lojas; usado para matrícula por CNPJ da loja.";Usuario_ChatGPT_2026-05-21_Alabarce;2026-05-21
ALABARCE;CNPJ;00203057000783;00203057000783;7110436423;LJ05 - MOGI BERTIOGA;ATIVO;"De/para manual Alabarce validado com layout Bluesoft multi-lojas; usado para matrícula por CNPJ da loja.";Usuario_ChatGPT_2026-05-21_Alabarce;2026-05-21
BARRACAO;CNPJ;62375191000123;62375191000123;7120081433;;ATIVO;Barracão informado pelo usuário: de/para CNPJ x matrícula para leitura e validação do layout.;Usuario_ChatGPT_2026-05-16_Barracao;2026-05-16
BARRACAO;CNPJ;62375191000395;62375191000395;7120317331;;ATIVO;Barracão informado pelo usuário: de/para CNPJ x matrícula para leitura e validação do layout.;Usuario_ChatGPT_2026-05-16_Barracao;2026-05-16
BARRACAO;CNPJ;62375191000476;62375191000476;7120411341;;ATIVO;Barracão informado pelo usuário: de/para CNPJ x matrícula para leitura e validação do layout.;Usuario_ChatGPT_2026-05-16_Barracao;2026-05-16
BARRACAO;CNPJ;62375191000557;62375191000557;7120073093;;ATIVO;Barracão informado pelo usuário: de/para CNPJ x matrícula para leitura e validação do layout.;Usuario_ChatGPT_2026-05-16_Barracao;2026-05-16
BARRACAO;CNPJ;62375191000638;62375191000638;7120464414;;ATIVO;Barracão informado pelo usuário: de/para CNPJ x matrícula para leitura e validação do layout.;Usuario_ChatGPT_2026-05-16_Barracao;2026-05-16
BARRACAO;CNPJ;62375191000719;62375191000719;7120199642;;ATIVO;Barracão informado pelo usuário: de/para CNPJ x matrícula para leitura e validação do layout.;Usuario_ChatGPT_2026-05-16_Barracao;2026-05-16
BARRACAO;CNPJ;62375191000808;62375191000808;7120490095;;ATIVO;Barracão informado pelo usuário: de/para CNPJ x matrícula para leitura e validação do layout.;Usuario_ChatGPT_2026-05-16_Barracao;2026-05-16
BARRACAO;CNPJ;62375191000980;62375191000980;7120204659;;ATIVO;Barracão informado pelo usuário: de/para CNPJ x matrícula para leitura e validação do layout.;Usuario_ChatGPT_2026-05-16_Barracao;2026-05-16
BARRACAO;CNPJ;62375191001014;62375191001014;7120410372;;ATIVO;Barracão informado pelo usuário: de/para CNPJ x matrícula para leitura e validação do layout.;Usuario_ChatGPT_2026-05-16_Barracao;2026-05-16
BOZZA;CNPJ;73419905000174;73419905000174;7120019738;;ATIVO;Consolidado de BOZZA_CNPJ_MATRICULA do parser de layouts adicionais;Codigos/parsers_pdf/pdf_layouts_adicionais.py;2026-05-16
BOZZA;CNPJ;73419905000417;73419905000417;7120173165;;ATIVO;Consolidado de BOZZA_CNPJ_MATRICULA do parser de layouts adicionais;Codigos/parsers_pdf/pdf_layouts_adicionais.py;2026-05-16
BOZZA;CNPJ;73419905000506;73419905000506;7120173142;;ATIVO;Consolidado de BOZZA_CNPJ_MATRICULA do parser de layouts adicionais;Codigos/parsers_pdf/pdf_layouts_adicionais.py;2026-05-16
BOZZA;CNPJ;73419905000689;73419905000689;7120174539;;ATIVO;Consolidado de BOZZA_CNPJ_MATRICULA do parser de layouts adicionais;Codigos/parsers_pdf/pdf_layouts_adicionais.py;2026-05-16
BOZZA;CNPJ;73419905000760;73419905000760;7120174532;;ATIVO;Consolidado de BOZZA_CNPJ_MATRICULA do parser de layouts adicionais;Codigos/parsers_pdf/pdf_layouts_adicionais.py;2026-05-16
BOZZA;CNPJ;73419905000921;73419905000921;7120468819;;ATIVO;Consolidado de BOZZA_CNPJ_MATRICULA do parser de layouts adicionais;Codigos/parsers_pdf/pdf_layouts_adicionais.py;2026-05-16
BOZZA;CNPJ;73419905001065;73419905001065;7120468685;;ATIVO;Consolidado de BOZZA_CNPJ_MATRICULA do parser de layouts adicionais;Codigos/parsers_pdf/pdf_layouts_adicionais.py;2026-05-16
BOZZA;CNPJ;73419905001146;73419905001146;7120468683;;ATIVO;Consolidado de BOZZA_CNPJ_MATRICULA do parser de layouts adicionais;Codigos/parsers_pdf/pdf_layouts_adicionais.py;2026-05-16
BOZZA;CNPJ;73419905001227;73419905001227;7120472555;;ATIVO;Consolidado de BOZZA_CNPJ_MATRICULA do parser de layouts adicionais;Codigos/parsers_pdf/pdf_layouts_adicionais.py;2026-05-16
COELHO DINIZ;CNPJ;41930199000134;41930199000134;1700019409;;ATIVO;Consolidado de DE_PARA_MATRICULA_CNPJ do parser Coelho Diniz;Codigos/parsers_excel/coelho_diniz.py;2026-05-16
COELHO DINIZ;CNPJ;41930199000215;41930199000215;1700019410;;ATIVO;Consolidado de DE_PARA_MATRICULA_CNPJ do parser Coelho Diniz;Codigos/parsers_excel/coelho_diniz.py;2026-05-16
COELHO DINIZ;CNPJ;41930199000304;41930199000304;1700273623;;ATIVO;Consolidado de DE_PARA_MATRICULA_CNPJ do parser Coelho Diniz;Codigos/parsers_excel/coelho_diniz.py;2026-05-16
COELHO DINIZ;CNPJ;41930199000487;41930199000487;1700139600;;ATIVO;Consolidado de DE_PARA_MATRICULA_CNPJ do parser Coelho Diniz;Codigos/parsers_excel/coelho_diniz.py;2026-05-16
COELHO DINIZ;CNPJ;41930199000568;41930199000568;1700019971;;ATIVO;Consolidado de DE_PARA_MATRICULA_CNPJ do parser Coelho Diniz;Codigos/parsers_excel/coelho_diniz.py;2026-05-16
COELHO DINIZ;CNPJ;41930199000649;41930199000649;1700020162;;ATIVO;Consolidado de DE_PARA_MATRICULA_CNPJ do parser Coelho Diniz;Codigos/parsers_excel/coelho_diniz.py;2026-05-16
COELHO DINIZ;CNPJ;41930199000720;41930199000720;1700024240;;ATIVO;Consolidado de DE_PARA_MATRICULA_CNPJ do parser Coelho Diniz;Codigos/parsers_excel/coelho_diniz.py;2026-05-16
COELHO DINIZ;CNPJ;41930199000991;41930199000991;1700273644;;ATIVO;Consolidado de DE_PARA_MATRICULA_CNPJ do parser Coelho Diniz;Codigos/parsers_excel/coelho_diniz.py;2026-05-16
COELHO DINIZ;CNPJ;41930199001025;41930199001025;1700021739;;ATIVO;Consolidado de DE_PARA_MATRICULA_CNPJ do parser Coelho Diniz;Codigos/parsers_excel/coelho_diniz.py;2026-05-16
COELHO DINIZ;CNPJ;41930199001106;41930199001106;1700433548;;ATIVO;Consolidado de DE_PARA_MATRICULA_CNPJ do parser Coelho Diniz;Codigos/parsers_excel/coelho_diniz.py;2026-05-16
COELHO DINIZ;CNPJ;41930199001297;41930199001297;1700433521;;ATIVO;Consolidado de DE_PARA_MATRICULA_CNPJ do parser Coelho Diniz;Codigos/parsers_excel/coelho_diniz.py;2026-05-16
COELHO DINIZ;CNPJ;41930199001378;41930199001378;1700433526;;ATIVO;Consolidado de DE_PARA_MATRICULA_CNPJ do parser Coelho Diniz;Codigos/parsers_excel/coelho_diniz.py;2026-05-16
COELHO DINIZ;CNPJ;41930199001459;41930199001459;1700458507;;ATIVO;Consolidado de DE_PARA_MATRICULA_CNPJ do parser Coelho Diniz;Codigos/parsers_excel/coelho_diniz.py;2026-05-16
COELHO DINIZ;CNPJ;41930199001530;41930199001530;1700532177;;ATIVO;Consolidado de DE_PARA_MATRICULA_CNPJ do parser Coelho Diniz;Codigos/parsers_excel/coelho_diniz.py;2026-05-16
COELHO DINIZ;CNPJ;41930199001610;41930199001610;1700507248;;ATIVO;Consolidado de DE_PARA_MATRICULA_CNPJ do parser Coelho Diniz;Codigos/parsers_excel/coelho_diniz.py;2026-05-16
COELHO DINIZ;CNPJ;41930199001700;41930199001700;1700541696;;ATIVO;Consolidado de DE_PARA_MATRICULA_CNPJ do parser Coelho Diniz;Codigos/parsers_excel/coelho_diniz.py;2026-05-16
COELHO DINIZ;CNPJ;41930199001882;41930199001882;1700538416;;ATIVO;Consolidado de DE_PARA_MATRICULA_CNPJ do parser Coelho Diniz;Codigos/parsers_excel/coelho_diniz.py;2026-05-16
COELHO DINIZ;CNPJ;41930199001963;41930199001963;1700553635;;ATIVO;Consolidado de DE_PARA_MATRICULA_CNPJ do parser Coelho Diniz;Codigos/parsers_excel/coelho_diniz.py;2026-05-16
COELHO DINIZ;CNPJ;41930199002005;41930199002005;1700556611;;ATIVO;Consolidado de DE_PARA_MATRICULA_CNPJ do parser Coelho Diniz;Codigos/parsers_excel/coelho_diniz.py;2026-05-16
COELHO DINIZ;CNPJ;41930199002269;41930199002269;1700562203;;ATIVO;Consolidado de DE_PARA_MATRICULA_CNPJ do parser Coelho Diniz;Codigos/parsers_excel/coelho_diniz.py;2026-05-16
COELHO DINIZ;CNPJ;41930199002340;41930199002340;1700635736;;ATIVO;Consolidado de DE_PARA_MATRICULA_CNPJ do parser Coelho Diniz;Codigos/parsers_excel/coelho_diniz.py;2026-05-16
COELHO DINIZ;CNPJ;41930199002420;41930199002420;1700600583;;ATIVO;Consolidado de DE_PARA_MATRICULA_CNPJ do parser Coelho Diniz;Codigos/parsers_excel/coelho_diniz.py;2026-05-16
COOPERCICA;CNPJ;50974732000150;50974732000150;700260891;;ATIVO;"Coopercica informado pelo usuário: base 50.974.732/0001; texto_loja=5097473200018; CNPJ oficial derivado por dígito verificador; matrícula SDOP.";Usuario_ChatGPT_2026-05-16_Coopercica;2026-05-16
COOPERCICA;CNPJ;50974732000231;50974732000231;700261839;;ATIVO;"Coopercica informado pelo usuário: base 50.974.732/0002; texto_loja=5097473200025; CNPJ oficial derivado por dígito verificador; matrícula SDOP.";Usuario_ChatGPT_2026-05-16_Coopercica;2026-05-16
COOPERCICA;CNPJ;50974732000312;50974732000312;700263980;;ATIVO;"Coopercica informado pelo usuário: base 50.974.732/0003; texto_loja=5097473200032; CNPJ oficial derivado por dígito verificador; matrícula SDOP.";Usuario_ChatGPT_2026-05-16_Coopercica;2026-05-16
COOPERCICA;CNPJ;50974732000401;50974732000401;700333467;;ATIVO;"Coopercica informado pelo usuário: base 50.974.732/0004; texto_loja=5097473200049; CNPJ oficial derivado por dígito verificador; matrícula SDOP.";Usuario_ChatGPT_2026-05-16_Coopercica;2026-05-16
COOPERCICA;CNPJ;50974732000584;50974732000584;7100037439;;ATIVO;"Coopercica informado pelo usuário: base 50.974.732/0005; texto_loja=5097473200056; CNPJ oficial derivado por dígito verificador; matrícula SDOP.";Usuario_ChatGPT_2026-05-16_Coopercica;2026-05-16
COOPERCICA;CNPJ;50974732000665;50974732000665;7100102020;;ATIVO;"Coopercica informado pelo usuário: base 50.974.732/0006; texto_loja=5097473200063; CNPJ oficial derivado por dígito verificador; matrícula SDOP.";Usuario_ChatGPT_2026-05-16_Coopercica;2026-05-16
COOPERCICA;CNPJ;50974732000746;50974732000746;7110211663;;ATIVO;"Coopercica informado pelo usuário: base 50.974.732/0007; texto_loja=5097473200070; CNPJ oficial derivado por dígito verificador; matrícula SDOP.";Usuario_ChatGPT_2026-05-16_Coopercica;2026-05-16
COOPERCICA;CNPJ;50974732000827;50974732000827;7110377880;;ATIVO;"Coopercica informado pelo usuário: base 50.974.732/0008; texto_loja=5097473200087; CNPJ oficial derivado por dígito verificador; matrícula SDOP.";Usuario_ChatGPT_2026-05-16_Coopercica;2026-05-16
COOPERCICA;CNPJ;50974732000908;50974732000908;7110411239;;ATIVO;"Coopercica informado pelo usuário: base 50.974.732/0009; texto_loja=5097473200094; CNPJ oficial derivado por dígito verificador; matrícula SDOP.";Usuario_ChatGPT_2026-05-16_Coopercica;2026-05-16
COOPERCICA;CNPJ_BASE;509747320001;50974732000150;700260891;;ATIVO;"Coopercica informado pelo usuário: base 50.974.732/0001; texto_loja=5097473200018; CNPJ oficial derivado por dígito verificador; matrícula SDOP.";Usuario_ChatGPT_2026-05-16_Coopercica;2026-05-16
COOPERCICA;CNPJ_BASE;509747320002;50974732000231;700261839;;ATIVO;"Coopercica informado pelo usuário: base 50.974.732/0002; texto_loja=5097473200025; CNPJ oficial derivado por dígito verificador; matrícula SDOP.";Usuario_ChatGPT_2026-05-16_Coopercica;2026-05-16
COOPERCICA;CNPJ_BASE;509747320003;50974732000312;700263980;;ATIVO;"Coopercica informado pelo usuário: base 50.974.732/0003; texto_loja=5097473200032; CNPJ oficial derivado por dígito verificador; matrícula SDOP.";Usuario_ChatGPT_2026-05-16_Coopercica;2026-05-16
COOPERCICA;CNPJ_BASE;509747320004;50974732000401;700333467;;ATIVO;"Coopercica informado pelo usuário: base 50.974.732/0004; texto_loja=5097473200049; CNPJ oficial derivado por dígito verificador; matrícula SDOP.";Usuario_ChatGPT_2026-05-16_Coopercica;2026-05-16
COOPERCICA;CNPJ_BASE;509747320005;50974732000584;7100037439;;ATIVO;"Coopercica informado pelo usuário: base 50.974.732/0005; texto_loja=5097473200056; CNPJ oficial derivado por dígito verificador; matrícula SDOP.";Usuario_ChatGPT_2026-05-16_Coopercica;2026-05-16
COOPERCICA;CNPJ_BASE;509747320006;50974732000665;7100102020;;ATIVO;"Coopercica informado pelo usuário: base 50.974.732/0006; texto_loja=5097473200063; CNPJ oficial derivado por dígito verificador; matrícula SDOP.";Usuario_ChatGPT_2026-05-16_Coopercica;2026-05-16
COOPERCICA;CNPJ_BASE;509747320007;50974732000746;7110211663;;ATIVO;"Coopercica informado pelo usuário: base 50.974.732/0007; texto_loja=5097473200070; CNPJ oficial derivado por dígito verificador; matrícula SDOP.";Usuario_ChatGPT_2026-05-16_Coopercica;2026-05-16
COOPERCICA;CNPJ_BASE;509747320008;50974732000827;7110377880;;ATIVO;"Coopercica informado pelo usuário: base 50.974.732/0008; texto_loja=5097473200087; CNPJ oficial derivado por dígito verificador; matrícula SDOP.";Usuario_ChatGPT_2026-05-16_Coopercica;2026-05-16
COOPERCICA;CNPJ_BASE;509747320009;50974732000908;7110411239;;ATIVO;"Coopercica informado pelo usuário: base 50.974.732/0009; texto_loja=5097473200094; CNPJ oficial derivado por dígito verificador; matrícula SDOP.";Usuario_ChatGPT_2026-05-16_Coopercica;2026-05-16
COOPERCICA;TEXTO_LOJA;5097473200018;50974732000150;700260891;;ATIVO;"Coopercica informado pelo usuário: base 50.974.732/0001; texto_loja=5097473200018; CNPJ oficial derivado por dígito verificador; matrícula SDOP.";Usuario_ChatGPT_2026-05-16_Coopercica;2026-05-16
COOPERCICA;TEXTO_LOJA;5097473200025;50974732000231;700261839;;ATIVO;"Coopercica informado pelo usuário: base 50.974.732/0002; texto_loja=5097473200025; CNPJ oficial derivado por dígito verificador; matrícula SDOP.";Usuario_ChatGPT_2026-05-16_Coopercica;2026-05-16
COOPERCICA;TEXTO_LOJA;5097473200032;50974732000312;700263980;;ATIVO;"Coopercica informado pelo usuário: base 50.974.732/0003; texto_loja=5097473200032; CNPJ oficial derivado por dígito verificador; matrícula SDOP.";Usuario_ChatGPT_2026-05-16_Coopercica;2026-05-16
COOPERCICA;TEXTO_LOJA;5097473200049;50974732000401;700333467;;ATIVO;"Coopercica informado pelo usuário: base 50.974.732/0004; texto_loja=5097473200049; CNPJ oficial derivado por dígito verificador; matrícula SDOP.";Usuario_ChatGPT_2026-05-16_Coopercica;2026-05-16
COOPERCICA;TEXTO_LOJA;5097473200056;50974732000584;7100037439;;ATIVO;"Coopercica informado pelo usuário: base 50.974.732/0005; texto_loja=5097473200056; CNPJ oficial derivado por dígito verificador; matrícula SDOP.";Usuario_ChatGPT_2026-05-16_Coopercica;2026-05-16
COOPERCICA;TEXTO_LOJA;5097473200063;50974732000665;7100102020;;ATIVO;"Coopercica informado pelo usuário: base 50.974.732/0006; texto_loja=5097473200063; CNPJ oficial derivado por dígito verificador; matrícula SDOP.";Usuario_ChatGPT_2026-05-16_Coopercica;2026-05-16
COOPERCICA;TEXTO_LOJA;5097473200070;50974732000746;7110211663;;ATIVO;"Coopercica informado pelo usuário: base 50.974.732/0007; texto_loja=5097473200070; CNPJ oficial derivado por dígito verificador; matrícula SDOP.";Usuario_ChatGPT_2026-05-16_Coopercica;2026-05-16
COOPERCICA;TEXTO_LOJA;5097473200087;50974732000827;7110377880;;ATIVO;"Coopercica informado pelo usuário: base 50.974.732/0008; texto_loja=5097473200087; CNPJ oficial derivado por dígito verificador; matrícula SDOP.";Usuario_ChatGPT_2026-05-16_Coopercica;2026-05-16
COOPERCICA;TEXTO_LOJA;5097473200094;50974732000908;7110411239;;ATIVO;"Coopercica informado pelo usuário: base 50.974.732/0009; texto_loja=5097473200094; CNPJ oficial derivado por dígito verificador; matrícula SDOP.";Usuario_ChatGPT_2026-05-16_Coopercica;2026-05-16
DAHER;CNPJ;11209903000101;11209903000101;7120005120;Daher FILIAL 06;ATIVO;"Cadastro preservado da automação original e homologado no Robô KOF; parser dedicado sem conversão unidade-caixaria.";Patch_ChatGPT_Daher_SempreVale_2026-05-22;2026-05-22
DAHER;CNPJ;11209903000365;11209903000365;7120221386;Daher FILIAL 07;ATIVO;"Cadastro preservado da automação original e homologado no Robô KOF; parser dedicado sem conversão unidade-caixaria.";Patch_ChatGPT_Daher_SempreVale_2026-05-22;2026-05-22
DAHER;CNPJ;39420850000184;39420850000184;7120318947;Daher FILIAL 08;ATIVO;"Cadastro preservado da automação original e homologado no Robô KOF; parser dedicado sem conversão unidade-caixaria.";Patch_ChatGPT_Daher_SempreVale_2026-05-22;2026-05-22
DAHER;CNPJ;45291341000100;45291341000100;7120018178;Daher FILIAL 01;ATIVO;"Cadastro preservado da automação original e homologado no Robô KOF; parser dedicado sem conversão unidade-caixaria.";Patch_ChatGPT_Daher_SempreVale_2026-05-22;2026-05-22
DAHER;CNPJ;45291341000363;45291341000363;7120018197;Daher FILIAL 02;ATIVO;"Cadastro preservado da automação original e homologado no Robô KOF; parser dedicado sem conversão unidade-caixaria.";Patch_ChatGPT_Daher_SempreVale_2026-05-22;2026-05-22
DAHER;CNPJ;45291341000444;45291341000444;7120012567;Daher FILIAL 03;ATIVO;"Cadastro preservado da automação original e homologado no Robô KOF; parser dedicado sem conversão unidade-caixaria.";Patch_ChatGPT_Daher_SempreVale_2026-05-22;2026-05-22
DAHER;CNPJ;45291341000606;45291341000606;7120013557;Daher FILIAL 05;ATIVO;"Cadastro preservado da automação original e homologado no Robô KOF; parser dedicado sem conversão unidade-caixaria.";Patch_ChatGPT_Daher_SempreVale_2026-05-22;2026-05-22
MONACO;CNPJ;25080804000179;25080804000179;7140134157;;ATIVO;Consolidado de MONACO_CNPJ_MATRICULA do parser de layouts adicionais;Codigos/parsers_pdf/pdf_layouts_adicionais.py;2026-05-16
MONACO;CNPJ;25080804000411;25080804000411;7140267712;;ATIVO;Consolidado de MONACO_CNPJ_MATRICULA do parser de layouts adicionais;Codigos/parsers_pdf/pdf_layouts_adicionais.py;2026-05-16
MONACO;CNPJ;25080804000500;25080804000500;7140360262;;ATIVO;Consolidado de MONACO_CNPJ_MATRICULA do parser de layouts adicionais;Codigos/parsers_pdf/pdf_layouts_adicionais.py;2026-05-16
MONACO;CNPJ;25080804000683;25080804000683;7140379936;;ATIVO;Consolidado de MONACO_CNPJ_MATRICULA do parser de layouts adicionais;Codigos/parsers_pdf/pdf_layouts_adicionais.py;2026-05-16
MONACO;CNPJ;25080804000764;25080804000764;7140420384;;ATIVO;Consolidado de MONACO_CNPJ_MATRICULA do parser de layouts adicionais;Codigos/parsers_pdf/pdf_layouts_adicionais.py;2026-05-16
MONACO;CNPJ;25080804000926;25080804000926;7140467428;;ATIVO;Consolidado de MONACO_CNPJ_MATRICULA do parser de layouts adicionais;Codigos/parsers_pdf/pdf_layouts_adicionais.py;2026-05-16
MONACO;CNPJ;25080804001060;25080804001060;7140482852;;ATIVO;Consolidado de MONACO_CNPJ_MATRICULA do parser de layouts adicionais;Codigos/parsers_pdf/pdf_layouts_adicionais.py;2026-05-16
PRIMATO;CNPJ;02168202001144;02168202001144;7120163679;;ATIVO;Consolidado de PRIMATO_CNPJ_MATRICULA do parser de layouts adicionais;Codigos/parsers_pdf/pdf_layouts_adicionais.py;2026-05-16
PRIMATO;CNPJ;02168202001225;02168202001225;7120009289;;ATIVO;Consolidado de PRIMATO_CNPJ_MATRICULA do parser de layouts adicionais;Codigos/parsers_pdf/pdf_layouts_adicionais.py;2026-05-16
PRIMATO;CNPJ;02168202001578;02168202001578;7120299672;;ATIVO;Consolidado de PRIMATO_CNPJ_MATRICULA do parser de layouts adicionais;Codigos/parsers_pdf/pdf_layouts_adicionais.py;2026-05-16
PRIMATO;CNPJ;02168202001730;02168202001730;7120028069;;ATIVO;Consolidado de PRIMATO_CNPJ_MATRICULA do parser de layouts adicionais;Codigos/parsers_pdf/pdf_layouts_adicionais.py;2026-05-16
PRIMATO;CNPJ;02168202002205;02168202002205;7120069029;;ATIVO;Consolidado de PRIMATO_CNPJ_MATRICULA do parser de layouts adicionais;Codigos/parsers_pdf/pdf_layouts_adicionais.py;2026-05-16
PRIMATO;CNPJ;02168202002540;02168202002540;7120191214;;ATIVO;Consolidado de PRIMATO_CNPJ_MATRICULA do parser de layouts adicionais;Codigos/parsers_pdf/pdf_layouts_adicionais.py;2026-05-16
PRIMATO;CNPJ;02168202002701;02168202002701;7120195261;;ATIVO;Consolidado de PRIMATO_CNPJ_MATRICULA do parser de layouts adicionais;Codigos/parsers_pdf/pdf_layouts_adicionais.py;2026-05-16
PRIMATO;CNPJ;02168202003279;02168202003279;7120287692;;ATIVO;Consolidado de PRIMATO_CNPJ_MATRICULA do parser de layouts adicionais;Codigos/parsers_pdf/pdf_layouts_adicionais.py;2026-05-16
SUPERLAR;CNPJ;16938900000114;16938900000114;7110010324;;ATIVO;Consolidado de SUPERLAR_CNPJ_MATRICULA do parser de layouts adicionais;Codigos/parsers_pdf/pdf_layouts_adicionais.py;2026-05-16
SUPERLAR;CNPJ;21676733000110;21676733000110;7110054527;;ATIVO;Consolidado de SUPERLAR_CNPJ_MATRICULA do parser de layouts adicionais;Codigos/parsers_pdf/pdf_layouts_adicionais.py;2026-05-16
SUPERLAR;CNPJ;21676733000200;21676733000200;7110070348;;ATIVO;Consolidado de SUPERLAR_CNPJ_MATRICULA do parser de layouts adicionais;Codigos/parsers_pdf/pdf_layouts_adicionais.py;2026-05-16
SUPERLAR;CNPJ;21676733000382;21676733000382;7110282768;;ATIVO;Consolidado de SUPERLAR_CNPJ_MATRICULA do parser de layouts adicionais;Codigos/parsers_pdf/pdf_layouts_adicionais.py;2026-05-16
SUPERLAR;CNPJ;21676733000463;21676733000463;7110378581;;ATIVO;Consolidado de SUPERLAR_CNPJ_MATRICULA do parser de layouts adicionais;Codigos/parsers_pdf/pdf_layouts_adicionais.py;2026-05-16
SUPERLAR;CNPJ;21676733000544;21676733000544;7110535516;;ATIVO;Consolidado de SUPERLAR_CNPJ_MATRICULA do parser de layouts adicionais;Codigos/parsers_pdf/pdf_layouts_adicionais.py;2026-05-16
SUPERLAR;CNPJ;21676733000625;21676733000625;7110569403;;ATIVO;Consolidado de SUPERLAR_CNPJ_MATRICULA do parser de layouts adicionais;Codigos/parsers_pdf/pdf_layouts_adicionais.py;2026-05-16
SUPERLAR;CNPJ;21676733000706;21676733000706;7110665004;;ATIVO;Consolidado de SUPERLAR_CNPJ_MATRICULA do parser de layouts adicionais;Codigos/parsers_pdf/pdf_layouts_adicionais.py;2026-05-16
REDE ESTRELA;CNPJ;55624498000155;55624498000155;7120082797;;ATIVO;"De/Para Rede Estrela incorporado ao Robô KOF; CNPJ do bloco Dados para Faturamento -> matrícula.";Automacao_Estrela_referencia_2026-05-19;2026-05-19
REDE ESTRELA;CNPJ;55624498000236;55624498000236;7120084566;;ATIVO;"De/Para Rede Estrela incorporado ao Robô KOF; CNPJ do bloco Dados para Faturamento -> matrícula.";Automacao_Estrela_referencia_2026-05-19;2026-05-19
REDE ESTRELA;CNPJ;55624498000317;55624498000317;7120086587;;ATIVO;"De/Para Rede Estrela incorporado ao Robô KOF; CNPJ do bloco Dados para Faturamento -> matrícula.";Automacao_Estrela_referencia_2026-05-19;2026-05-19
REDE ESTRELA;CNPJ;55624498000406;55624498000406;7120090091;;ATIVO;"De/Para Rede Estrela incorporado ao Robô KOF; CNPJ do bloco Dados para Faturamento -> matrícula.";Automacao_Estrela_referencia_2026-05-19;2026-05-19
REDE ESTRELA;CNPJ;55624498000589;55624498000589;7120092980;;ATIVO;"De/Para Rede Estrela incorporado ao Robô KOF; CNPJ do bloco Dados para Faturamento -> matrícula.";Automacao_Estrela_referencia_2026-05-19;2026-05-19
REDE ESTRELA;CNPJ;55624498000740;55624498000740;7120096312;;ATIVO;"De/Para Rede Estrela incorporado ao Robô KOF; CNPJ do bloco Dados para Faturamento -> matrícula.";Automacao_Estrela_referencia_2026-05-19;2026-05-19
REDE ESTRELA;CNPJ;55624498000821;55624498000821;7120098530;;ATIVO;"De/Para Rede Estrela incorporado ao Robô KOF; CNPJ do bloco Dados para Faturamento -> matrícula.";Automacao_Estrela_referencia_2026-05-19;2026-05-19
REDE ESTRELA;CNPJ;55624498000902;55624498000902;7120102100;;ATIVO;"De/Para Rede Estrela incorporado ao Robô KOF; CNPJ do bloco Dados para Faturamento -> matrícula.";Automacao_Estrela_referencia_2026-05-19;2026-05-19
REDE ESTRELA;CNPJ;55624498000660;55624498000660;7120105467;;ATIVO;"De/Para Rede Estrela incorporado ao Robô KOF; CNPJ do bloco Dados para Faturamento -> matrícula.";Automacao_Estrela_referencia_2026-05-19;2026-05-19
REDE ESTRELA;CNPJ;55624498001208;55624498001208;7120311023;;ATIVO;"De/Para Rede Estrela incorporado ao Robô KOF; CNPJ do bloco Dados para Faturamento -> matrícula.";Automacao_Estrela_referencia_2026-05-19;2026-05-19
REDE ESTRELA;CNPJ;55624498001399;55624498001399;7120459608;;ATIVO;"De/Para Rede Estrela incorporado ao Robô KOF; CNPJ do bloco Dados para Faturamento -> matrícula.";Automacao_Estrela_referencia_2026-05-19;2026-05-19
REDE ESTRELA;CNPJ;55624498001470;55624498001470;7120523932;;ATIVO;"De/Para Rede Estrela incorporado ao Robô KOF; CNPJ do bloco Dados para Faturamento -> matrícula.";Automacao_Estrela_referencia_2026-05-19;2026-05-19
GRUPO E.M.O.P. / PARTEKA;CNPJ;12364137000708;12364137000708;7120259997;;ATIVO;Cadastro integrado do projeto antigo emop_atletico_bot para automação Parteka/EMOP.;emop_atletico_bot.zip;2026-05-21
PARTEKA;CNPJ;12364137000708;12364137000708;7120259997;;ATIVO;Cadastro integrado do projeto antigo emop_atletico_bot para automação Parteka/EMOP.;emop_atletico_bot.zip;2026-05-21
GRUPO E.M.O.P. / PARTEKA;CNPJ;12364137000961;12364137000961;7120298231;;ATIVO;Cadastro integrado do projeto antigo emop_atletico_bot para automação Parteka/EMOP.;emop_atletico_bot.zip;2026-05-21
PARTEKA;CNPJ;12364137000961;12364137000961;7120298231;;ATIVO;Cadastro integrado do projeto antigo emop_atletico_bot para automação Parteka/EMOP.;emop_atletico_bot.zip;2026-05-21
GRUPO E.M.O.P. / PARTEKA;CNPJ;12364137000538;12364137000538;7120077223;;ATIVO;Cadastro integrado do projeto antigo emop_atletico_bot para automação Parteka/EMOP.;emop_atletico_bot.zip;2026-05-21
PARTEKA;CNPJ;12364137000538;12364137000538;7120077223;;ATIVO;Cadastro integrado do projeto antigo emop_atletico_bot para automação Parteka/EMOP.;emop_atletico_bot.zip;2026-05-21
GRUPO E.M.O.P. / PARTEKA;CNPJ;12364137000619;12364137000619;7120541420;;ATIVO;Cadastro integrado do projeto antigo emop_atletico_bot para automação Parteka/EMOP.;emop_atletico_bot.zip;2026-05-21
PARTEKA;CNPJ;12364137000619;12364137000619;7120541420;;ATIVO;Cadastro integrado do projeto antigo emop_atletico_bot para automação Parteka/EMOP.;emop_atletico_bot.zip;2026-05-21
GRUPO E.M.O.P. / PARTEKA;CNPJ;12364137000880;12364137000880;7120491774;;ATIVO;Cadastro integrado do projeto antigo emop_atletico_bot para automação Parteka/EMOP.;emop_atletico_bot.zip;2026-05-21
PARTEKA;CNPJ;12364137000880;12364137000880;7120491774;;ATIVO;Cadastro integrado do projeto antigo emop_atletico_bot para automação Parteka/EMOP.;emop_atletico_bot.zip;2026-05-21
GRUPO E.M.O.P. / PARTEKA;CNPJ;12364137000457;12364137000457;7120077222;;ATIVO;Cadastro integrado do projeto antigo emop_atletico_bot para automação Parteka/EMOP.;emop_atletico_bot.zip;2026-05-21
PARTEKA;CNPJ;12364137000457;12364137000457;7120077222;;ATIVO;Cadastro integrado do projeto antigo emop_atletico_bot para automação Parteka/EMOP.;emop_atletico_bot.zip;2026-05-21
GRUPO E.M.O.P. / PARTEKA;CNPJ;12364137000295;12364137000295;7120043355;;ATIVO;Cadastro integrado do projeto antigo emop_atletico_bot para automação Parteka/EMOP.;emop_atletico_bot.zip;2026-05-21
PARTEKA;CNPJ;12364137000295;12364137000295;7120043355;;ATIVO;Cadastro integrado do projeto antigo emop_atletico_bot para automação Parteka/EMOP.;emop_atletico_bot.zip;2026-05-21
GRUPO E.M.O.P. / PARTEKA;CNPJ;12364137000376;12364137000376;7120043356;;ATIVO;Cadastro integrado do projeto antigo emop_atletico_bot para automação Parteka/EMOP.;emop_atletico_bot.zip;2026-05-21
PARTEKA;CNPJ;12364137000376;12364137000376;7120043356;;ATIVO;Cadastro integrado do projeto antigo emop_atletico_bot para automação Parteka/EMOP.;emop_atletico_bot.zip;2026-05-21
REDE IQUEGAMI;MATRICULA;7120136174;01915625000146;7120136174;;ATIVO;Cadastro integrado do projeto antigo robo_iquegami_excel.;robo_iquegami_excel.zip;2026-05-21
REDE IQUEGAMI;CNPJ;01915625000146;01915625000146;7120136174;;ATIVO;Cadastro integrado do projeto antigo robo_iquegami_excel.;robo_iquegami_excel.zip;2026-05-21
REDE IQUEGAMI;MATRICULA;7120148030;01915625000227;7120148030;;ATIVO;Cadastro integrado do projeto antigo robo_iquegami_excel.;robo_iquegami_excel.zip;2026-05-21
REDE IQUEGAMI;CNPJ;01915625000227;01915625000227;7120148030;;ATIVO;Cadastro integrado do projeto antigo robo_iquegami_excel.;robo_iquegami_excel.zip;2026-05-21
REDE IQUEGAMI;MATRICULA;7120021397;01915625000308;7120021397;;ATIVO;Cadastro integrado do projeto antigo robo_iquegami_excel.;robo_iquegami_excel.zip;2026-05-21
REDE IQUEGAMI;CNPJ;01915625000308;01915625000308;7120021397;;ATIVO;Cadastro integrado do projeto antigo robo_iquegami_excel.;robo_iquegami_excel.zip;2026-05-21
REDE IQUEGAMI;MATRICULA;7120041167;01915625000499;7120041167;;ATIVO;Cadastro integrado do projeto antigo robo_iquegami_excel.;robo_iquegami_excel.zip;2026-05-21
REDE IQUEGAMI;CNPJ;01915625000499;01915625000499;7120041167;;ATIVO;Cadastro integrado do projeto antigo robo_iquegami_excel.;robo_iquegami_excel.zip;2026-05-21
REDE IQUEGAMI;MATRICULA;7120041165;01915625000570;7120041165;;ATIVO;Cadastro integrado do projeto antigo robo_iquegami_excel.;robo_iquegami_excel.zip;2026-05-21
REDE IQUEGAMI;CNPJ;01915625000570;01915625000570;7120041165;;ATIVO;Cadastro integrado do projeto antigo robo_iquegami_excel.;robo_iquegami_excel.zip;2026-05-21
REDE IQUEGAMI;MATRICULA;7120043621;01915625000650;7120043621;;ATIVO;Cadastro integrado do projeto antigo robo_iquegami_excel.;robo_iquegami_excel.zip;2026-05-21
REDE IQUEGAMI;CNPJ;01915625000650;01915625000650;7120043621;;ATIVO;Cadastro integrado do projeto antigo robo_iquegami_excel.;robo_iquegami_excel.zip;2026-05-21
REDE IQUEGAMI;MATRICULA;7110317767;01915625000731;7110317767;;ATIVO;Cadastro integrado do projeto antigo robo_iquegami_excel.;robo_iquegami_excel.zip;2026-05-21
REDE IQUEGAMI;CNPJ;01915625000731;01915625000731;7110317767;;ATIVO;Cadastro integrado do projeto antigo robo_iquegami_excel.;robo_iquegami_excel.zip;2026-05-21
REDE IQUEGAMI;MATRICULA;7120067250;01915625000812;7120067250;;ATIVO;Cadastro integrado do projeto antigo robo_iquegami_excel.;robo_iquegami_excel.zip;2026-05-21
REDE IQUEGAMI;CNPJ;01915625000812;01915625000812;7120067250;;ATIVO;Cadastro integrado do projeto antigo robo_iquegami_excel.;robo_iquegami_excel.zip;2026-05-21
REDE IQUEGAMI;MATRICULA;7120183043;01915625000901;7120183043;;ATIVO;Cadastro integrado do projeto antigo robo_iquegami_excel.;robo_iquegami_excel.zip;2026-05-21
REDE IQUEGAMI;CNPJ;01915625000901;01915625000901;7120183043;;ATIVO;Cadastro integrado do projeto antigo robo_iquegami_excel.;robo_iquegami_excel.zip;2026-05-21
REDE IQUEGAMI;MATRICULA;7120224787;01915625001037;7120224787;;ATIVO;Cadastro integrado do projeto antigo robo_iquegami_excel.;robo_iquegami_excel.zip;2026-05-21
REDE IQUEGAMI;CNPJ;01915625001037;01915625001037;7120224787;;ATIVO;Cadastro integrado do projeto antigo robo_iquegami_excel.;robo_iquegami_excel.zip;2026-05-21
REDE IQUEGAMI;MATRICULA;7120219208;01915625001118;7120219208;;ATIVO;Cadastro integrado do projeto antigo robo_iquegami_excel.;robo_iquegami_excel.zip;2026-05-21
REDE IQUEGAMI;CNPJ;01915625001118;01915625001118;7120219208;;ATIVO;Cadastro integrado do projeto antigo robo_iquegami_excel.;robo_iquegami_excel.zip;2026-05-21
REDE IQUEGAMI;MATRICULA;7120254231;01915625001207;7120254231;;ATIVO;Cadastro integrado do projeto antigo robo_iquegami_excel.;robo_iquegami_excel.zip;2026-05-21
REDE IQUEGAMI;CNPJ;01915625001207;01915625001207;7120254231;;ATIVO;Cadastro integrado do projeto antigo robo_iquegami_excel.;robo_iquegami_excel.zip;2026-05-21
REDE IQUEGAMI;MATRICULA;7120275165;01915625001380;7120275165;;ATIVO;Cadastro integrado do projeto antigo robo_iquegami_excel.;robo_iquegami_excel.zip;2026-05-21
REDE IQUEGAMI;CNPJ;01915625001380;01915625001380;7120275165;;ATIVO;Cadastro integrado do projeto antigo robo_iquegami_excel.;robo_iquegami_excel.zip;2026-05-21
REDE IQUEGAMI;MATRICULA;7120291224;01915625001460;7120291224;;ATIVO;Cadastro integrado do projeto antigo robo_iquegami_excel.;robo_iquegami_excel.zip;2026-05-21
REDE IQUEGAMI;CNPJ;01915625001460;01915625001460;7120291224;;ATIVO;Cadastro integrado do projeto antigo robo_iquegami_excel.;robo_iquegami_excel.zip;2026-05-21
REDE IQUEGAMI;MATRICULA;7120297546;01915625001541;7120297546;;ATIVO;Cadastro integrado do projeto antigo robo_iquegami_excel.;robo_iquegami_excel.zip;2026-05-21
REDE IQUEGAMI;CNPJ;01915625001541;01915625001541;7120297546;;ATIVO;Cadastro integrado do projeto antigo robo_iquegami_excel.;robo_iquegami_excel.zip;2026-05-21
REDE IQUEGAMI;MATRICULA;7120498825;01915625001622;7120498825;;ATIVO;Cadastro integrado do projeto antigo robo_iquegami_excel.;robo_iquegami_excel.zip;2026-05-21
REDE IQUEGAMI;CNPJ;01915625001622;01915625001622;7120498825;;ATIVO;Cadastro integrado do projeto antigo robo_iquegami_excel.;robo_iquegami_excel.zip;2026-05-21
REDE IQUEGAMI;MATRICULA;7120321089;01915625001703;7120321089;;ATIVO;Cadastro integrado do projeto antigo robo_iquegami_excel.;robo_iquegami_excel.zip;2026-05-21
REDE IQUEGAMI;CNPJ;01915625001703;01915625001703;7120321089;;ATIVO;Cadastro integrado do projeto antigo robo_iquegami_excel.;robo_iquegami_excel.zip;2026-05-21
REDE IQUEGAMI;MATRICULA;7120360096;01915625001894;7120360096;;ATIVO;Cadastro integrado do projeto antigo robo_iquegami_excel.;robo_iquegami_excel.zip;2026-05-21
REDE IQUEGAMI;CNPJ;01915625001894;01915625001894;7120360096;;ATIVO;Cadastro integrado do projeto antigo robo_iquegami_excel.;robo_iquegami_excel.zip;2026-05-21
REDE IQUEGAMI;MATRICULA;7120362796;01915625001975;7120362796;;ATIVO;Cadastro integrado do projeto antigo robo_iquegami_excel.;robo_iquegami_excel.zip;2026-05-21
REDE IQUEGAMI;CNPJ;01915625001975;01915625001975;7120362796;;ATIVO;Cadastro integrado do projeto antigo robo_iquegami_excel.;robo_iquegami_excel.zip;2026-05-21
REDE IQUEGAMI;MATRICULA;7120440837;01915625002009;7120440837;;ATIVO;Cadastro integrado do projeto antigo robo_iquegami_excel.;robo_iquegami_excel.zip;2026-05-21
REDE IQUEGAMI;CNPJ;01915625002009;01915625002009;7120440837;;ATIVO;Cadastro integrado do projeto antigo robo_iquegami_excel.;robo_iquegami_excel.zip;2026-05-21
REDE IQUEGAMI;MATRICULA;7120523572;01915625002190;7120523572;;ATIVO;Cadastro integrado do projeto antigo robo_iquegami_excel.;robo_iquegami_excel.zip;2026-05-21
REDE IQUEGAMI;CNPJ;01915625002190;01915625002190;7120523572;;ATIVO;Cadastro integrado do projeto antigo robo_iquegami_excel.;robo_iquegami_excel.zip;2026-05-21
REDE IQUEGAMI;MATRICULA;7120502631;01915625002270;7120502631;;ATIVO;Cadastro integrado do projeto antigo robo_iquegami_excel.;robo_iquegami_excel.zip;2026-05-21
REDE IQUEGAMI;CNPJ;01915625002270;01915625002270;7120502631;;ATIVO;Cadastro integrado do projeto antigo robo_iquegami_excel.;robo_iquegami_excel.zip;2026-05-21
REDE IQUEGAMI;MATRICULA;7120510870;01915625002351;7120510870;;ATIVO;Cadastro integrado do projeto antigo robo_iquegami_excel.;robo_iquegami_excel.zip;2026-05-21
REDE IQUEGAMI;CNPJ;01915625002351;01915625002351;7120510870;;ATIVO;Cadastro integrado do projeto antigo robo_iquegami_excel.;robo_iquegami_excel.zip;2026-05-21
SEMPRE VALE;CNPJ;62488937000105;62488937000105;700251669;Sempre Vale - Loja CNPJ 0001;ATIVO;"Cadastro preservado da automação original e homologado no Robô KOF; parser dedicado sem conversão unidade-caixaria.";Patch_ChatGPT_Daher_SempreVale_2026-05-22;2026-05-22
SEMPRE VALE;CNPJ;62488937000962;62488937000962;700308941;Sempre Vale - Loja CNPJ 0009;ATIVO;"Cadastro preservado da automação original e homologado no Robô KOF; parser dedicado sem conversão unidade-caixaria.";Patch_ChatGPT_Daher_SempreVale_2026-05-22;2026-05-22
SEMPRE VALE;CNPJ;62488937000296;62488937000296;700318860;Sempre Vale - Loja CNPJ 0002;ATIVO;"Cadastro preservado da automação original e homologado no Robô KOF; parser dedicado sem conversão unidade-caixaria.";Patch_ChatGPT_Daher_SempreVale_2026-05-22;2026-05-22
SEMPRE VALE;CNPJ;62488937001934;62488937001934;7110033583;Sempre Vale - Loja CNPJ 0019;ATIVO;"Cadastro preservado da automação original e homologado no Robô KOF; parser dedicado sem conversão unidade-caixaria.";Patch_ChatGPT_Daher_SempreVale_2026-05-22;2026-05-22
SEMPRE VALE;CNPJ;62488937002825;62488937002825;7110197882;Sempre Vale - Loja CNPJ 0028;ATIVO;"Cadastro preservado da automação original e homologado no Robô KOF; parser dedicado sem conversão unidade-caixaria.";Patch_ChatGPT_Daher_SempreVale_2026-05-22;2026-05-22
SEMPRE VALE;CNPJ;62488937003120;62488937003120;7110451189;Sempre Vale - Loja CNPJ 0031;ATIVO;"Cadastro preservado da automação original e homologado no Robô KOF; parser dedicado sem conversão unidade-caixaria.";Patch_ChatGPT_Daher_SempreVale_2026-05-22;2026-05-22
SEMPRE VALE;CNPJ;62488937003392;62488937003392;7110484386;Sempre Vale - Loja CNPJ 0033;ATIVO;"Cadastro preservado da automação original e homologado no Robô KOF; parser dedicado sem conversão unidade-caixaria.";Patch_ChatGPT_Daher_SempreVale_2026-05-22;2026-05-22
BAKLIZI;CNPJ;00610350000250;00610350000250;7140054659;Baklizi Loja 0002;ATIVO;Cadastro Baklizi/Bazkili preservado da automação original;Patch_ChatGPT_Baklizi_2026-05-22;2026-05-22
BAKLIZI;CNPJ;00610350000170;00610350000170;7140053557;Baklizi Loja 0001;ATIVO;Cadastro Baklizi/Bazkili preservado da automação original;Patch_ChatGPT_Baklizi_2026-05-22;2026-05-22
BAKLIZI;CNPJ;00610350000331;00610350000331;7140053322;Baklizi Loja 0003;ATIVO;Cadastro Baklizi/Bazkili preservado da automação original;Patch_ChatGPT_Baklizi_2026-05-22;2026-05-22
BAKLIZI;CNPJ;00610350000501;00610350000501;7140053589;Baklizi Loja 0005;ATIVO;Cadastro Baklizi/Bazkili preservado da automação original;Patch_ChatGPT_Baklizi_2026-05-22;2026-05-22
BAKLIZI;CNPJ;00610350000684;00610350000684;7140053588;Baklizi Loja 0006;ATIVO;Cadastro Baklizi/Bazkili preservado da automação original;Patch_ChatGPT_Baklizi_2026-05-22;2026-05-22
BAKLIZI;CNPJ;00610350001141;00610350001141;7140036471;Baklizi Loja 0011;ATIVO;Cadastro Baklizi/Bazkili preservado da automação original;Patch_ChatGPT_Baklizi_2026-05-22;2026-05-22
BAKLIZI;CNPJ;00610350001060;00610350001060;7140036470;Baklizi Loja 0010;ATIVO;Cadastro Baklizi/Bazkili preservado da automação original;Patch_ChatGPT_Baklizi_2026-05-22;2026-05-22
BAKLIZI;CNPJ;00610350000765;00610350000765;7140034189;Baklizi Loja 0007;ATIVO;Cadastro Baklizi/Bazkili preservado da automação original;Patch_ChatGPT_Baklizi_2026-05-22;2026-05-22
BAKLIZI;CNPJ;00610350001818;00610350001818;7140037015;Baklizi Loja 0018 - Domingos Martins/Itaqui;ATIVO;Cadastro Baklizi/Bazkili preservado da automação original;Patch_ChatGPT_Baklizi_2026-05-22;2026-05-22
BAKLIZI;CNPJ;00610350001737;00610350001737;7140037165;Baklizi Loja 0017 - General Marques/Sao Borja;ATIVO;Cadastro Baklizi/Bazkili preservado da automação original;Patch_ChatGPT_Baklizi_2026-05-22;2026-05-22
BAKLIZI;CNPJ;00610350001494;00610350001494;7140290631;Baklizi Loja 0014 - General Canabarro/Quarai;ATIVO;Cadastro Baklizi/Bazkili preservado da automação original;Patch_ChatGPT_Baklizi_2026-05-22;2026-05-22
BAKLIZI;CNPJ;00610350001656;00610350001656;7140112118;Baklizi Loja 0016;ATIVO;Cadastro Baklizi/Bazkili preservado da automação original;Patch_ChatGPT_Baklizi_2026-05-22;2026-05-22
BAKLIZI;CNPJ;00610350001575;00610350001575;7140037016;Baklizi Loja 0015 - CD Uruguaiana;ATIVO;Cadastro Baklizi/Bazkili preservado da automação original;Patch_ChatGPT_Baklizi_2026-05-22;2026-05-22
BAKLIZI;CNPJ;00610350002032;00610350002032;7140121490;Baklizi Loja 0020 - Joao Batista Luzardo/Barra do Quarai;ATIVO;Cadastro Baklizi/Bazkili preservado da automação original;Patch_ChatGPT_Baklizi_2026-05-22;2026-05-22
BAKLIZI;CNPJ;00610350002202;00610350002202;7140343869;Baklizi Loja 0022 - Bento Manoel/Alegrete;ATIVO;Cadastro Baklizi/Bazkili preservado da automação original;Patch_ChatGPT_Baklizi_2026-05-22;2026-05-22
MABY SUPERMERCADOS;CNPJ;016957746000128;016957746000128;7140032722;MABY LOJA 001;ATIVO;"De/para Maby validado pelo arquivo esperado MABY_SUPERMERCADOS_PROCESSADO_20260522_214803.xlsx; chave CNPJ preservada como aparece no PDF SPAL/Maby.";Usuario_ChatGPT_2026-05-22_Maby;2026-05-22
MABY SUPERMERCADOS;CNPJ;016957746000209;016957746000209;7140028931;MABY LOJA 002;ATIVO;"De/para Maby validado pelo arquivo esperado MABY_SUPERMERCADOS_PROCESSADO_20260522_214803.xlsx; chave CNPJ preservada como aparece no PDF SPAL/Maby.";Usuario_ChatGPT_2026-05-22_Maby;2026-05-22
MABY SUPERMERCADOS;CNPJ;016957746000390;016957746000390;7140120881;MABY LOJA 003;ATIVO;"De/para Maby validado pelo arquivo esperado MABY_SUPERMERCADOS_PROCESSADO_20260522_214803.xlsx; chave CNPJ preservada como aparece no PDF SPAL/Maby.";Usuario_ChatGPT_2026-05-22_Maby;2026-05-22
MABY SUPERMERCADOS;CNPJ;016957746000470;016957746000470;7140150640;MABY LOJA 004;ATIVO;"De/para Maby validado pelo arquivo esperado MABY_SUPERMERCADOS_PROCESSADO_20260522_214803.xlsx; chave CNPJ preservada como aparece no PDF SPAL/Maby.";Usuario_ChatGPT_2026-05-22_Maby;2026-05-22
MABY SUPERMERCADOS;CNPJ;016957746000551;016957746000551;7140163275;MABY LOJA 005;ATIVO;"De/para Maby validado pelo arquivo esperado MABY_SUPERMERCADOS_PROCESSADO_20260522_214803.xlsx; chave CNPJ preservada como aparece no PDF SPAL/Maby.";Usuario_ChatGPT_2026-05-22_Maby;2026-05-22
MABY SUPERMERCADOS;CNPJ;016957746000713;016957746000713;7140169743;MABY LOJA 006;ATIVO;"De/para Maby validado pelo arquivo esperado MABY_SUPERMERCADOS_PROCESSADO_20260522_214803.xlsx; chave CNPJ preservada como aparece no PDF SPAL/Maby.";Usuario_ChatGPT_2026-05-22_Maby;2026-05-22
MABY SUPERMERCADOS;CNPJ;016957746001019;016957746001019;7140213329;MABY LOJA 010;ATIVO;"De/para Maby validado pelo arquivo esperado MABY_SUPERMERCADOS_PROCESSADO_20260522_214803.xlsx; chave CNPJ preservada como aparece no PDF SPAL/Maby.";Usuario_ChatGPT_2026-05-22_Maby;2026-05-22
MABY SUPERMERCADOS;CNPJ;016957746001108;016957746001108;7140209079;MABY LOJA 011;ATIVO;"De/para Maby validado pelo arquivo esperado MABY_SUPERMERCADOS_PROCESSADO_20260522_214803.xlsx; chave CNPJ preservada como aparece no PDF SPAL/Maby.";Usuario_ChatGPT_2026-05-22_Maby;2026-05-22
